{"$schema":"http://schema.management.azure.com/schemas/2015-01-01/deploymentTemplate.json#","contentVersion":"1.0.0.0","parameters":{},"variables":{},"resources":[{"name":"finance_pipeline","type":"pipelines","apiVersion":"2018-06-01","properties":{"activities":[{"name":"get_historic_data","type":"TridentNotebook","dependsOn":[{"activity":"Set symbols","dependencyConditions":["Succeeded"]}],"policy":{"timeout":"0.12:00:00","retry":0,"retryIntervalInSeconds":30,"secureOutput":false,"secureInput":false},"typeProperties":{"notebookId":"31a2a69a-351a-4d18-9228-83383aac2713","workspaceId":"e351f4fd-db59-4c5e-9ef7-9f3e6ee9a6b4","parameters":{"symbols":{"value":{"value":"@variables('symbols')","type":"Expression"},"type":"string"}}}},{"name":"get_realtime_data","type":"TridentNotebook","dependsOn":[{"activity":"Set symbols","dependencyConditions":["Succeeded"]}],"policy":{"timeout":"0.12:00:00","retry":0,"retryIntervalInSeconds":30,"secureOutput":false,"secureInput":false},"typeProperties":{"notebookId":"726398b7-3280-4948-bd48-f2554643f327","workspaceId":"e351f4fd-db59-4c5e-9ef7-9f3e6ee9a6b4","parameters":{"symbols":{"value":{"value":"@variables('symbols')","type":"Expression"},"type":"string"}}}},{"name":"get_news_data","type":"TridentNotebook","dependsOn":[],"policy":{"timeout":"0.12:00:00","retry":0,"retryIntervalInSeconds":30,"secureOutput":false,"secureInput":false},"typeProperties":{"notebookId":"6ccbef7a-d1b9-4630-8f0b-3b6c7af17a72","workspaceId":"e351f4fd-db59-4c5e-9ef7-9f3e6ee9a6b4"}},{"name":"Set symbols","description":"set the ticker to analyze ","type":"SetVariable","dependsOn":[],"policy":{"secureOutput":false,"secureInput":false},"typeProperties":{"variableName":"symbols","value":{"value":"@pipeline().parameters.symbols","type":"Expression"}}},{"name":"Bronze Layer","type":"TridentNotebook","dependsOn":[{"activity":"get_historic_data","dependencyConditions":["Succeeded"]},{"activity":"get_realtime_data","dependencyConditions":["Succeeded"]},{"activity":"get_news_data","dependencyConditions":["Succeeded"]}],"policy":{"timeout":"0.12:00:00","retry":0,"retryIntervalInSeconds":30,"secureOutput":false,"secureInput":false},"typeProperties":{"notebookId":"0820bd69-9bb4-434b-8765-3ff471a7601c","workspaceId":"e351f4fd-db59-4c5e-9ef7-9f3e6ee9a6b4"}},{"name":"Silver Layer","type":"TridentNotebook","dependsOn":[{"activity":"Set symbols","dependencyConditions":["Succeeded"]},{"activity":"Bronze Layer","dependencyConditions":["Succeeded"]}],"policy":{"timeout":"0.12:00:00","retry":0,"retryIntervalInSeconds":30,"secureOutput":false,"secureInput":false},"typeProperties":{"notebookId":"0322175d-f06e-45cb-b388-c59a3cf4dcd6","workspaceId":"e351f4fd-db59-4c5e-9ef7-9f3e6ee9a6b4","parameters":{"symbols":{"value":{"value":"@variables('symbols')","type":"Expression"},"type":"string"}}}},{"name":"Gold Layer","type":"TridentNotebook","dependsOn":[{"activity":"Set symbols","dependencyConditions":["Succeeded"]},{"activity":"Silver Layer","dependencyConditions":["Succeeded"]}],"policy":{"timeout":"0.12:00:00","retry":0,"retryIntervalInSeconds":30,"secureOutput":false,"secureInput":false},"typeProperties":{"notebookId":"82961d0f-575b-4d2c-a94f-36b04f32cfae","workspaceId":"e351f4fd-db59-4c5e-9ef7-9f3e6ee9a6b4","parameters":{"symbols":{"value":{"value":"@variables('symbols')","type":"Expression"},"type":"string"}}}}],"parameters":{"symbols":{"type":"string","defaultValue":"tsla,meta"}},"variables":{"symbols":{"type":"String","defaultValue":"tsla,meta"}},"lastModifiedByObjectId":"2bd84694-ceb1-47b3-b71f-76e674a0e630","lastPublishTime":"2025-04-17T11:42:25Z"},"dependsOn":[]}]}